dataset,method,instances,observations,mean_cost,std_cost,best_cost,mean_gap_to_pooled_best_pct,best_known_cost,mean_gap_to_bks_pct,mean_seconds_per_instance
X101-FSMFD,neural_pyvrp_r20_05s,1,3,37479.70915111501,198.99687748806284,37325.860841731286,3.3303142313483405,35170.24,6.5665436207288,1.5203614309430122
X101-FSMFD,pyvrp_equal,1,3,36506.288519765105,205.42112124303262,36271.74603108331,0.6466258571638652,35170.24,3.798804101891562,1.519788588086764
X129-FSMFD,neural_pyvrp_r20_05s,1,3,60094.10712696963,137.42461798514998,60006.9922872956,0.14517448109538958,59218.84811,1.4780075008278206,2.174849505225817
X129-FSMFD,pyvrp_equal,1,3,61688.46521131621,235.06925620746654,61504.0292268247,2.8021283185969694,59218.84811,4.170322760633332,2.135982101162275
X153-FSMFD,neural_pyvrp_r20_05s,1,3,28010.748455294794,66.92731746435433,27935.01311896483,1.2277005553327032,27106.46,3.3360625300935394,1.8283983394503593
X153-FSMFD,pyvrp_equal,1,3,27774.37083473145,122.78172599974022,27671.031053386087,0.3734583693176789,27106.46,2.4640282601691688,1.8324074521660805
X176-FSMFD,neural_pyvrp_r20_05s,1,3,104788.30307790339,767.8959603995759,103972.66117918008,0.7844772745767059,101094.97529,3.6533247842523755,2.0374909987052283
X176-FSMFD,pyvrp_equal,1,3,104812.65483347842,413.4526336991466,104386.09806107718,0.8078985810036552,101094.97529,3.677412782202001,2.0367665961384773
X209-FSMFD,neural_pyvrp_r20_05s,1,3,42779.27432934443,311.6371243850109,42510.601313352585,0.6320141510382646,41409.66,3.307475428062988,2.332457050681114
X209-FSMFD,pyvrp_equal,1,3,43142.187167962395,107.4810827585492,43070.40011739731,1.4857137633840671,41409.66,4.183871994994377,2.327174094816049
X228-FSMFD,neural_pyvrp_r20_05s,1,3,43571.31021075795,455.19968192415547,43249.3025639353,0.7445383572292853,42357.74008,2.8650492884320653,4.292376721898715
X228-FSMFD,pyvrp_equal,1,3,45029.89915113686,152.62040246518993,44876.95279072188,4.117052719102941,42357.74008,6.308549667876551,4.264499120414257
X242-FSMFD,neural_pyvrp_r20_05s,1,3,192905.64659673395,88.46807715673599,192850.62348432507,0.028531467212677852,187712.19242,2.7667111601966443,4.99152971804142
X242-FSMFD,pyvrp_equal,1,3,193918.06080236577,608.8631495789922,193216.83969360538,0.5535047275216455,187712.19242,3.306055031566805,4.9529136916001635
X284-FSMFD,neural_pyvrp_r20_05s,1,3,32712.903874202555,51.56648194796755,32676.634550196046,0.11099467404084772,31872.21,2.6377018543820965,5.78982297082742
X284-FSMFD,pyvrp_equal,1,3,33791.83522915558,405.0217822639646,33422.101655138795,3.4128382384251434,31872.21,6.022880839312929,5.882489527265231
