wall_time_budget_seconds,solver_seed,vehicle_types,observations,hybrid_mean_cost,pyvrp_mean_cost,mean_hybrid_minus_pyvrp_pct,median_hybrid_minus_pyvrp_pct,mean_initial_minus_pyvrp_pct,mean_neural_seconds,mean_hybrid_wall_seconds,mean_pyvrp_wall_seconds
8,777,9,32,52.882794965770216,54.11129236431763,-1.9248256304396751,-1.05932963764839,10.351324373505774,1.6875101977493614,8.185286059975624,8.178542620735243
8,777,30,32,53.56562400811012,56.01644736250978,-3.719470201069024,-3.231083750512685,7.36022198317035,1.745742802741006,8.583574153948575,8.530590989161283
8,999,9,32,52.98554777001028,54.12674489069131,-1.6884070280182661,-1.169882168669599,10.560567845282945,1.6958664017729461,8.185883576516062,8.181717101950198
8,999,30,32,53.51679618117979,55.826819358784746,-3.5676982763952556,-3.212079319053673,7.226989039058181,1.747470268746838,8.574831122765318,8.532926733139902
8,2026,9,32,53.004794630538775,54.0539875785861,-1.6403740810400103,-1.1923505170568,10.61328270301727,1.7073026371654123,8.186323574744165,8.179903520038351
8,2026,30,32,53.62108482080754,56.14987176819144,-3.901391586795488,-2.7103109560368632,7.101611392300311,1.7672613447066396,8.581077961716801,8.536306698340923
12,777,9,32,52.529733896506905,53.179661218199485,-1.0361219874743617,-0.36441781821200203,12.152584124203049,1.7989855401683599,12.186797998147085,12.179036960471421
12,777,30,32,53.18852065827635,54.54352157464302,-2.0879267010288474,-1.2304200899070585,9.860448433496822,1.8549995184876025,12.580231167376041,12.529091980541125
12,999,9,32,52.574573591814854,53.185784607492,-0.9117554869642742,-0.5592145956618885,12.329992861814953,1.7995707041118294,12.19262225809507,12.176528687821701
12,999,30,32,53.13009070792652,54.521380542732395,-2.1646036003690927,-1.6115679980144835,9.61551661111066,1.8142187434714288,12.580993560608476,12.528049477608874
12,2026,9,32,52.62517101772612,53.079573912837255,-0.7049896895774124,-0.4544038254720183,12.485863047330106,2.315125693101436,12.187784529756755,12.178769185906276
12,2026,30,32,53.200221629128194,54.73704752398817,-2.3599555427552668,-1.0306190130623796,9.723646679132115,1.8593942469451576,12.574436630355194,12.531928597483784
20,777,9,32,52.121135350046174,52.31712855398244,-0.32224801386349083,-0.20082599781837174,13.8324988526444,1.713016549590975,20.19078345433809,20.17734839231707
20,777,30,32,52.562422517411974,53.37075068595028,-1.2885415194807845,-0.8695004476916397,12.273617724535864,1.7930616890080273,20.581716243643314,20.536808299366385
20,999,9,32,52.12729488882481,52.358616893445706,-0.34131246863317427,-0.3095474448522404,13.938384498063936,1.682738731848076,20.195755976019427,20.176998682320118
20,999,30,32,52.59550545549895,53.305788928031745,-1.1660079266214292,-0.8440603754457585,11.810705863600587,1.7215854828245938,20.58948440896347,20.52943403692916
20,2026,9,32,52.13134644113613,52.37730934983371,-0.3754883860564337,-0.13717794331056332,13.900246069327181,1.7454274769406766,20.195729580475017,20.180353523930535
20,2026,30,32,52.56676343344793,53.350750615576146,-1.2920046128041485,-0.4508419975903306,12.25414852661603,1.705737324198708,20.58338419883512,20.5311266744975
30,777,9,32,51.979904232207346,51.99361569296202,0.012023000323238737,0.011510874981856855,14.46247265379526,2.6317568321246654,30.188486594473943,30.17956001847051
30,777,30,32,52.14017689716378,52.536575887497364,-0.6469031111601741,-0.4633679605570518,13.804607029557843,2.628840364748612,30.584275051485747,30.54125425219536
30,999,9,32,51.937528820958256,52.017970928609195,-0.049951027708576255,-0.15755992723413825,14.60829026725145,2.522985558724031,30.186763887759298,30.178719881689176
30,999,30,32,52.138196140134916,52.463573759242315,-0.5688405261502738,-0.3438255413356104,13.595379688769919,2.6288010948337615,30.58642732538283,30.5370974233374
30,2026,9,32,51.93087984137362,52.02165288304168,-0.10934596184166782,-0.11281119250831077,14.600402864283787,2.609746596077457,30.18994028889574,30.18395039974712
30,2026,30,32,52.134312256227666,52.49159198953044,-0.5668550467667968,-0.26124277299827114,13.983044806762754,2.594879052368924,30.58008230966516,30.52836946886964
